"","State_Code_Dest","County_Code_Dest","State_Code_Origin","County_Code_Origin","State_Abbrv","County_Name","Return_Num","Exmpt_Num","Aggr_AGI","area"
"1","41","005","96","000","OR","Clackamas Count Tot Mig-US & For",10915,20311,521833,"oregon"
"2","41","005","97","000","OR","Clackamas Count Tot Mig-US",10845,20174,516629,"oregon"
"3","41","005","97","001","OR","Clackamas Count Tot Mig-Same St",7408,13598,329134,"oregon"
"4","41","005","97","003","OR","Clackamas Count Tot Mig-Diff St",3437,6576,187495,"oregon"
"5","41","005","41","051","OR","Multnomah County",3909,7278,167892,"pdx"
"6","41","005","41","067","OR","Washington County",1597,2837,82719,"pdx"
"7","41","005","41","047","OR","Marion County",565,1160,21811,"oregon"
"8","41","005","53","011","WA","Clark County",406,741,16959,"pdx"
"9","41","005","41","039","OR","Lane County",189,324,7517,"oregon"
"10","41","005","41","017","OR","Deschutes County",152,259,6895,"oregon"
"11","41","005","53","033","WA","King County",141,245,8296,"puget_sound"
"12","41","005","06","037","CA","Los Angeles County",134,242,7330,"LA"
"13","41","005","41","071","OR","Yamhill County",127,235,4488,"oregon"
"14","41","005","41","003","OR","Benton County",121,180,4736,"oregon"
"15","41","005","04","013","AZ","Maricopa County",96,186,4501,"AZ"
"16","41","005","06","073","CA","San Diego County",96,174,5234,"CA"
"17","41","005","41","053","OR","Polk County",96,190,4793,"oregon"
"18","41","005","41","029","OR","Jackson County",86,153,3126,"oregon"
"19","41","005","41","043","OR","Linn County",86,161,7065,"oregon"
"20","41","005","32","003","NV","Clark County",67,141,3151,"NV"
"21","41","005","06","085","CA","Santa Clara County",65,165,6055,"bay_area"
"22","41","005","53","053","WA","Pierce County",58,117,2802,"puget_sound"
"23","41","005","06","059","CA","Orange County",57,124,5226,"LA"
"24","41","005","41","009","OR","Columbia County",55,113,2208,"oregon"
"25","41","005","41","041","OR","Lincoln County",51,77,1718,"oregon"
"26","41","005","41","019","OR","Douglas County",44,81,1670,"oregon"
"27","41","005","41","007","OR","Clatsop County",42,73,1689,"oregon"
"28","41","005","53","061","WA","Snohomish County",42,68,1813,"puget_sound"
"29","41","005","06","067","CA","Sacramento County",41,79,1670,"CA"
"30","41","005","06","013","CA","Contra Costa County",38,83,2197,"bay_area"
"31","41","005","06","065","CA","Riverside County",36,60,1864,"LA"
"32","41","005","41","057","OR","Tillamook County",35,46,1603,"oregon"
"33","41","005","53","063","WA","Spokane County",35,74,1498,"WA"
"34","41","005","16","001","ID","Ada County",34,69,1913,"ID"
"35","41","005","41","065","OR","Wasco County",34,51,1189,"oregon"
"36","41","005","15","003","HI","Honolulu County",33,58,1964,"HI"
"37","41","005","41","059","OR","Umatilla County",33,48,676,"oregon"
"38","41","005","32","031","NV","Washoe County",32,63,1556,"NV"
"39","41","005","49","035","UT","Salt Lake County",32,75,1777,"UT"
"40","41","005","04","019","AZ","Pima County",29,55,1712,"AZ"
"41","41","005","02","020","AK","Anchorage Municipality",28,46,1160,"AK"
"42","41","005","06","071","CA","San Bernardino County",28,55,1404,"LA"
"43","41","005","06","001","CA","Alameda County",27,52,2568,"bay_area"
"44","41","005","41","033","OR","Josephine County",27,43,835,"oregon"
"45","41","005","41","035","OR","Klamath County",26,46,1352,"oregon"
"46","41","005","17","031","IL","Cook County",25,37,1016,"IL"
"47","41","005","53","015","WA","Cowlitz County",25,48,1145,"WA"
"48","41","005","53","067","WA","Thurston County",24,58,1892,"puget_sound"
"49","41","005","06","081","CA","San Mateo County",21,53,3541,"bay_area"
"50","41","005","06","111","CA","Ventura County",21,43,1709,"LA"
"51","41","005","41","013","OR","Crook County",21,47,836,"oregon"
"52","41","005","41","027","OR","Hood River County",21,35,570,"oregon"
"53","41","005","53","077","WA","Yakima County",21,40,589,"WA"
"54","41","005","41","011","OR","Coos County",20,30,1037,"oregon"
"55","41","005","08","041","CO","El Paso County",18,30,680,"CO"
"56","41","005","27","053","MN","Hennepin County",18,31,1245,"MN"
"57","41","005","49","049","UT","Utah County",18,40,675,"UT"
"58","41","005","06","077","CA","San Joaquin County",17,39,992,"CA"
"59","41","005","16","055","ID","Kootenai County",16,22,458,"ID"
"60","41","005","53","005","WA","Benton County",16,28,46,"WA"
"61","41","005","06","019","CA","Fresno County",15,44,635,"CA"
"62","41","005","36","061","NY","New York County",15,18,944,"NY"
"63","41","005","48","201","TX","Harris County",15,25,1026,"TX"
"64","41","005","41","015","OR","Curry County",14,25,413,"oregon"
"65","41","005","06","023","CA","Humboldt County",13,26,599,"CA"
"66","41","005","41","061","OR","Union County",13,25,752,"oregon"
"67","41","005","06","075","CA","San Francisco County",12,18,806,"bay_area"
"68","41","005","06","097","CA","Sonoma County",12,14,451,"bay_area"
"69","41","005","15","009","HI","Maui County",12,28,260,"HI"
"70","41","005","53","073","WA","Whatcom County",12,23,621,"WA"
"71","41","005","04","025","AZ","Yavapai County",11,22,345,"AZ"
"72","41","005","06","089","CA","Shasta County",11,24,428,"CA"
"73","41","005","30","063","MT","Missoula County",11,12,325,"MT"
"74","41","005","48","453","TX","Travis County",11,28,1083,"TX"
"75","41","005","53","035","WA","Kitsap County",11,22,380,"puget_sound"
"76","41","005","08","031","CO","Denver County",10,15,496,"CO"
"77","41","005","08","059","CO","Jefferson County",10,20,1014,"CO"
"78","41","051","96","000","OR","Multnomah Count Tot Mig-US & For",24754,36732,953270,"oregon"
"79","41","051","97","000","OR","Multnomah Count Tot Mig-US",24610,36485,946699,"oregon"
"80","41","051","97","001","OR","Multnomah Count Tot Mig-Same St",10851,16675,408253,"oregon"
"81","41","051","97","003","OR","Multnomah Count Tot Mig-Diff St",13759,19810,538446,"oregon"
"82","41","051","41","067","OR","Washington County",3832,5714,164435,"pdx"
"83","41","051","41","005","OR","Clackamas County",3604,6030,138555,"pdx"
"84","41","051","53","011","WA","Clark County",1422,2358,48519,"pdx"
"85","41","051","41","039","OR","Lane County",729,979,21127,"oregon"
"86","41","051","53","033","WA","King County",699,937,36513,"puget_sound"
"87","41","051","06","037","CA","Los Angeles County",543,776,26343,"LA"
"88","41","051","41","047","OR","Marion County",512,809,17911,"oregon"
"89","41","051","04","013","AZ","Maricopa County",308,485,12070,"AZ"
"90","41","051","41","017","OR","Deschutes County",299,424,9351,"oregon"
"91","41","051","06","075","CA","San Francisco County",276,354,19235,"bay_area"
"92","41","051","41","003","OR","Benton County",272,331,7454,"oregon"
"93","41","051","17","031","IL","Cook County",263,334,13906,"IL"
"94","41","051","06","073","CA","San Diego County",259,369,12367,"CA"
"95","41","051","41","029","OR","Jackson County",232,342,7925,"oregon"
"96","41","051","32","003","NV","Clark County",186,298,5378,"NV"
"97","41","051","06","001","CA","Alameda County",183,245,8082,"bay_area"
"98","41","051","41","071","OR","Yamhill County",176,248,5756,"oregon"
"99","41","051","53","053","WA","Pierce County",172,265,5984,"puget_sound"
"100","41","051","41","009","OR","Columbia County",170,297,5812,"oregon"
"101","41","051","53","063","WA","Spokane County",159,230,6066,"WA"
"102","41","051","06","059","CA","Orange County",153,232,7843,"LA"
"103","41","051","36","047","NY","Kings County",148,181,7072,"NY"
"104","41","051","06","085","CA","Santa Clara County",147,212,8759,"bay_area"
"105","41","051","16","001","ID","Ada County",125,167,3586,"ID"
"106","41","051","36","061","NY","New York County",125,166,12101,"NY"
"107","41","051","53","067","WA","Thurston County",118,171,3980,"puget_sound"
"108","41","051","15","003","HI","Honolulu County",113,180,3649,"HI"
"109","41","051","41","027","OR","Hood River County",107,173,2814,"oregon"
"110","41","051","06","067","CA","Sacramento County",105,153,4426,"CA"
"111","41","051","49","035","UT","Salt Lake County",105,168,4163,"UT"
"112","41","051","41","053","OR","Polk County",103,153,3087,"oregon"
"113","41","051","41","041","OR","Lincoln County",101,139,3784,"oregon"
"114","41","051","41","007","OR","Clatsop County",100,147,3169,"oregon"
"115","41","051","27","053","MN","Hennepin County",99,134,4816,"MN"
"116","41","051","08","031","CO","Denver County",98,138,4597,"CO"
"117","41","051","41","043","OR","Linn County",92,121,1971,"oregon"
"118","41","051","04","019","AZ","Pima County",89,137,2859,"AZ"
"119","41","051","53","073","WA","Whatcom County",88,109,2510,"WA"
"120","41","051","53","061","WA","Snohomish County",85,116,2968,"puget_sound"
"121","41","051","48","453","TX","Travis County",82,114,3628,"TX"
"122","41","051","48","201","TX","Harris County",76,123,3939,"TX"
"123","41","051","06","065","CA","Riverside County",75,134,2491,"LA"
"124","41","051","11","001","DC","District of Columbia",74,103,4547,"DC"
"125","41","051","06","013","CA","Contra Costa County",73,105,3596,"bay_area"
"126","41","051","06","097","CA","Sonoma County",73,88,1724,"bay_area"
"127","41","051","53","015","WA","Cowlitz County",73,116,-78,"WA"
"128","41","051","06","023","CA","Humboldt County",71,90,2286,"CA"
"129","41","051","25","017","MA","Middlesex County",71,99,3180,"MA"
"130","41","051","06","071","CA","San Bernardino County",70,111,2494,"LA"
"131","41","051","39","049","OH","Franklin County",70,90,2882,"OH"
"132","41","051","42","101","PA","Philadelphia County",70,87,2683,"PA"
"133","41","051","32","031","NV","Washoe County",69,100,1302,"NV"
"134","41","051","02","020","AK","Anchorage Municipality",68,99,2781,"AK"
"135","41","051","30","063","MT","Missoula County",64,82,1290,"MT"
"136","41","051","25","025","MA","Suffolk County",61,70,3096,"MA"
"137","41","051","41","019","OR","Douglas County",60,76,1498,"oregon"
"138","41","051","41","059","OR","Umatilla County",59,86,1757,"oregon"
"139","41","051","41","033","OR","Josephine County",58,68,2215,"oregon"
"140","41","051","48","113","TX","Dallas County",58,100,2733,"TX"
"141","41","051","53","035","WA","Kitsap County",56,96,2160,"puget_sound"
"142","41","051","55","079","WI","Milwaukee County",55,66,2185,"WI"
"143","41","051","41","057","OR","Tillamook County",54,77,1601,"oregon"
"144","41","051","53","005","WA","Benton County",54,82,1383,"WA"
"145","41","051","55","025","WI","Dane County",54,72,1883,"WI"
"146","41","051","06","081","CA","San Mateo County",53,87,4536,"bay_area"
"147","41","051","08","013","CO","Boulder County",52,60,1619,"CO"
"148","41","051","13","121","GA","Fulton County",52,77,2796,"GA"
"149","41","051","41","011","OR","Coos County",51,84,1288,"oregon"
"150","41","051","41","065","OR","Wasco County",51,77,1645,"oregon"
"151","41","051","35","001","NM","Bernalillo County",48,69,2027,"NM"
"152","41","051","36","081","NY","Queens County",46,61,1725,"NY"
"153","41","051","06","083","CA","Santa Barbara County",45,65,1983,"CA"
"154","41","051","26","125","MI","Oakland County",45,64,2011,"MI"
"155","41","051","06","079","CA","San Luis Obispo County",43,53,1175,"CA"
"156","41","051","06","087","CA","Santa Cruz County",43,60,1400,"bay_area"
"157","41","051","41","035","OR","Klamath County",42,60,1112,"oregon"
"158","41","051","06","041","CA","Marin County",41,62,2465,"bay_area"
"159","41","051","06","019","CA","Fresno County",40,66,1494,"CA"
"160","41","051","47","037","TN","Davidson County",40,52,1100,"TN"
"161","41","051","06","111","CA","Ventura County",38,54,1323,"LA"
"162","41","051","15","001","HI","Hawaii County",38,58,1092,"HI"
"163","41","051","15","009","HI","Maui County",38,47,635,"HI"
"164","41","051","48","439","TX","Tarrant County",38,63,1887,"TX"
"165","41","051","53","077","WA","Yakima County",38,65,1092,"WA"
"166","41","051","51","059","VA","Fairfax County",37,53,1868,"VA"
"167","41","051","04","005","AZ","Coconino County",36,50,1036,"AZ"
"168","41","051","30","031","MT","Gallatin County",36,48,1298,"MT"
"169","41","051","42","003","PA","Allegheny County",36,54,1833,"PA"
"170","41","051","06","061","CA","Placer County",35,40,1320,"CA"
"171","41","051","12","057","FL","Hillsborough County",35,43,1818,"FL"
"172","41","051","12","011","FL","Broward County",34,46,1231,"FL"
"173","41","051","12","086","FL","Miami Dade County",34,45,943,"FL"
"174","41","051","13","089","GA","Dekalb County",34,50,1198,"GA"
"175","41","051","29","095","MO","Jackson County",34,40,1219,"MO"
"176","41","051","08","069","CO","Larimer County",32,38,1107,"CO"
"177","41","051","12","095","FL","Orange County",32,39,882,"FL"
"178","41","051","16","055","ID","Kootenai County",32,53,961,"ID"
"179","41","051","24","510","MD","Baltimore city",32,44,1338,"MD"
"180","41","051","08","041","CO","El Paso County",31,46,1132,"CO"
"181","41","051","18","097","IN","Marion County",31,46,1334,"IN"
"182","41","051","26","081","MI","Kent County",31,33,689,"MI"
"183","41","051","35","049","NM","Santa Fe County",31,36,480,"NM"
"184","41","051","24","031","MD","Montgomery County",30,45,2427,"MD"
"185","41","051","39","035","OH","Cuyahoga County",30,50,1828,"OH"
"186","41","051","41","061","OR","Union County",30,45,694,"oregon"
"187","41","051","50","007","VT","Chittenden County",30,39,1337,"VT"
"188","41","051","06","113","CA","Yolo County",29,37,834,"CA"
"189","41","051","17","043","IL","Dupage County",29,46,1691,"IL"
"190","41","051","26","161","MI","Washtenaw County",29,35,1175,"MI"
"191","41","051","31","055","NE","Douglas County",29,39,1128,"NE"
"192","41","051","06","029","CA","Kern County",28,57,1474,"CA"
"193","41","051","27","123","MN","Ramsey County",28,38,842,"MN"
"194","41","051","06","007","CA","Butte County",27,38,761,"CA"
"195","41","051","06","089","CA","Shasta County",27,36,606,"CA"
"196","41","051","12","001","FL","Alachua County",27,35,977,"FL"
"197","41","051","37","021","NC","Buncombe County",27,31,564,"NC"
"198","41","051","08","059","CO","Jefferson County",26,37,1026,"CO"
"199","41","051","36","103","NY","Suffolk County",26,32,829,"NY"
"200","41","051","51","013","VA","Arlington County",26,40,1811,"VA"
"201","41","051","53","071","WA","Walla Walla County",26,33,826,"WA"
"202","41","051","16","027","ID","Canyon County",25,52,594,"ID"
"203","41","051","37","183","NC","Wake County",25,35,1428,"NC"
"204","41","051","48","029","TX","Bexar County",25,37,938,"TX"
"205","41","051","06","053","CA","Monterey County",24,29,381,"CA"
"206","41","051","06","057","CA","Nevada County",24,26,773,"CA"
"207","41","051","12","103","FL","Pinellas County",24,31,495,"FL"
"208","41","051","36","055","NY","Monroe County",24,32,839,"NY"
"209","41","051","36","119","NY","Westchester County",24,31,885,"NY"
"210","41","051","37","119","NC","Mecklenburg County",24,31,979,"NC"
"211","41","051","39","061","OH","Hamilton County",24,34,845,"OH"
"212","41","051","41","031","OR","Jefferson County",24,41,593,"oregon"
"213","41","051","02","090","AK","Fairbanks North Star Borough",23,31,800,"AK"
"214","41","051","08","005","CO","Arapahoe County",23,40,1108,"CO"
"215","41","051","22","071","LA","Orleans Parish",23,34,428,"LA"
"216","41","051","53","041","WA","Lewis County",23,37,585,"WA"
"217","41","051","53","057","WA","Skagit County",23,29,767,"puget_sound"
"218","41","051","06","077","CA","San Joaquin County",22,40,723,"CA"
"219","41","051","23","005","ME","Cumberland County",22,25,996,"ME"
"220","41","051","26","163","MI","Wayne County",22,30,820,"MI"
"221","41","051","29","077","MO","Greene County",22,50,515,"MO"
"222","41","051","29","189","MO","St Louis County",22,32,1309,"MO"
"223","41","051","41","015","OR","Curry County",22,28,696,"oregon"
"224","41","051","30","029","MT","Flathead County",21,30,681,"MT"
"225","41","051","40","143","OK","Tulsa County",21,26,875,"OK"
"226","41","051","04","025","AZ","Yavapai County",20,31,697,"AZ"
"227","41","051","17","097","IL","Lake County",20,30,968,"IL"
"228","41","051","34","017","NJ","Hudson County",20,26,1458,"NJ"
"229","41","051","37","063","NC","Durham County",20,32,943,"NC"
"230","41","051","40","109","OK","Oklahoma County",20,26,486,"OK"
"231","41","051","44","007","RI","Providence County",20,22,572,"RI"
"232","41","051","48","121","TX","Denton County",20,41,1209,"TX"
"233","41","051","49","049","UT","Utah County",20,39,408,"UT"
"234","41","051","53","009","WA","Clallam County",20,28,592,"WA"
"235","41","051","04","021","AZ","Pinal County",19,34,435,"AZ"
"236","41","051","12","099","FL","Palm Beach County",19,26,737,"FL"
"237","41","051","20","045","KS","Douglas County",19,21,539,"KS"
"238","41","051","24","005","MD","Baltimore County",19,28,1037,"MD"
"239","41","051","29","510","MO","St Louis city",19,23,901,"MO"
"240","41","051","53","039","WA","Klickitat County",19,27,853,"WA"
"241","41","051","53","059","WA","Skamania County",19,35,553,"WA"
"242","41","051","06","095","CA","Solano County",18,26,624,"bay_area"
"243","41","051","09","001","CT","Fairfield County",18,24,805,"CT"
"244","41","051","09","009","CT","New Haven County",18,22,1287,"CT"
"245","41","051","18","105","IN","Monroe County",18,20,323,"IN"
"246","41","051","20","091","KS","Johnson County",18,32,631,"KS"
"247","41","051","30","111","MT","Yellowstone County",18,25,766,"MT"
"248","41","051","36","067","NY","Onondaga County",18,27,978,"NY"
"249","41","051","41","013","OR","Crook County",18,26,393,"oregon"
"250","41","051","42","029","PA","Chester County",18,21,624,"PA"
"251","41","051","53","075","WA","Whitman County",18,21,480,"WA"
"252","41","051","06","099","CA","Stanislaus County",17,28,558,"CA"
"253","41","051","13","067","GA","Cobb County",17,23,628,"GA"
"254","41","051","19","103","IA","Johnson County",17,24,465,"IA"
"255","41","051","36","029","NY","Erie County",17,23,752,"NY"
"256","41","051","42","091","PA","Montgomery County",17,24,731,"PA"
"257","41","051","53","049","WA","Pacific County",17,30,482,"WA"
"258","41","051","55","133","WI","Waukesha County",17,21,638,"WI"
"259","41","051","12","115","FL","Sarasota County",16,19,404,"FL"
"260","41","051","16","057","ID","Latah County",16,19,313,"ID"
"261","41","051","21","111","KY","Jefferson County",16,21,586,"KY"
"262","41","051","29","019","MO","Boone County",16,19,526,"MO"
"263","41","051","31","109","NE","Lancaster County",16,24,605,"NE"
"264","41","051","47","157","TN","Shelby County",16,25,512,"TN"
"265","41","051","51","760","VA","Richmond city",16,20,668,"VA"
"266","41","051","53","037","WA","Kittitas County",16,21,412,"WA"
"267","41","051","04","015","AZ","Mohave County",15,22,304,"AZ"
"268","41","051","09","011","CT","New London County",15,16,326,"CT"
"269","41","051","12","031","FL","Duval County",15,22,425,"FL"
"270","41","051","20","173","KS","Sedgwick County",15,17,322,"KS"
"271","41","051","25","015","MA","Hampshire County",15,15,321,"MA"
"272","41","051","53","055","WA","San Juan County",15,21,441,"WA"
"273","41","051","55","087","WI","Outagamie County",15,17,1051,"WI"
"274","41","051","06","045","CA","Mendocino County",14,21,446,"CA"
"275","41","051","08","001","CO","Adams County",14,18,284,"CO"
"276","41","051","15","007","HI","Kauai County",14,23,356,"HI"
"277","41","051","19","153","IA","Polk County",14,18,489,"IA"
"278","41","051","30","049","MT","Lewis and Clark County",14,17,532,"MT"
"279","41","051","45","019","SC","Charleston County",14,20,400,"SC"
"280","41","051","06","093","CA","Siskiyou County",13,16,347,"CA"
"281","41","051","08","037","CO","Eagle County",13,15,301,"CO"
"282","41","051","10","003","DE","New Castle County",13,17,449,"DE"
"283","41","051","13","051","GA","Chatham County",13,21,507,"GA"
"284","41","051","25","027","MA","Worcester County",13,16,263,"MA"
"285","41","051","27","037","MN","Dakota County",13,14,448,"MN"
"286","41","051","34","003","NJ","Bergen County",13,20,391,"NJ"
"287","41","051","34","025","NJ","Monmouth County",13,15,273,"NJ"
"288","41","051","45","079","SC","Richland County",13,15,430,"SC"
"289","41","051","51","510","VA","Alexandria city",13,21,833,"VA"
"290","41","051","53","029","WA","Island County",13,19,506,"puget_sound"
"291","41","051","02","122","AK","Kenai Peninsula Borough",12,18,383,"AK"
"292","41","051","06","055","CA","Napa County",12,18,484,"bay_area"
"293","41","051","08","035","CO","Douglas County",12,20,436,"CO"
"294","41","051","08","067","CO","La Plata County",12,17,171,"CO"
"295","41","051","25","021","MA","Norfolk County",12,16,648,"MA"
"296","41","051","26","065","MI","Ingham County",12,17,280,"MI"
"297","41","051","30","013","MT","Cascade County",12,13,283,"MT"
"298","41","051","36","059","NY","Nassau County",12,12,375,"NY"
"299","41","051","36","109","NY","Tompkins County",12,13,424,"NY"
"300","41","051","39","095","OH","Lucas County",12,14,220,"OH"
"301","41","051","48","491","TX","Williamson County",12,23,425,"TX"
"302","41","051","51","710","VA","Norfolk city",12,18,316,"VA"
"303","41","051","56","025","WY","Natrona County",12,19,395,"WY"
"304","41","051","02","110","AK","Juneau City and Borough",11,14,426,"AK"
"305","41","051","02","170","AK","Matanuska Susitna Borough",11,14,463,"AK"
"306","41","051","06","017","CA","El Dorado County",11,14,240,"CA"
"307","41","051","12","073","FL","Leon County",11,14,620,"FL"
"308","41","051","16","017","ID","Bonner County",11,14,308,"ID"
"309","41","051","16","019","ID","Bonneville County",11,19,238,"ID"
"310","41","051","16","083","ID","Twin Falls County",11,17,355,"ID"
"311","41","051","18","003","IN","Allen County",11,15,255,"IN"
"312","41","051","26","139","MI","Ottawa County",11,14,289,"MI"
"313","41","051","27","137","MN","St Louis County",11,12,208,"MN"
"314","41","051","34","013","NJ","Essex County",11,16,658,"NJ"
"315","41","051","36","001","NY","Albany County",11,13,297,"NY"
"316","41","051","37","135","NC","Orange County",11,13,304,"NC"
"317","41","051","39","153","OH","Summit County",11,12,346,"OH"
"318","41","051","42","071","PA","Lancaster County",11,13,191,"PA"
"319","41","051","47","093","TN","Knox County",11,13,191,"TN"
"320","41","051","53","007","WA","Chelan County",11,13,281,"WA"
"321","41","051","05","119","AR","Pulaski County",10,11,227,"AR"
"322","41","051","12","117","FL","Seminole County",10,15,307,"FL"
"323","41","051","12","127","FL","Volusia County",10,17,222,"FL"
"324","41","051","13","135","GA","Gwinnett County",10,22,168,"GA"
"325","41","051","24","003","MD","Anne Arundel County",10,16,701,"MD"
"326","41","051","25","009","MA","Essex County",10,19,1750,"MA"
"327","41","051","34","007","NJ","Camden County",10,13,469,"NJ"
"328","41","051","34","023","NJ","Middlesex County",10,17,587,"NJ"
"329","41","051","35","043","NM","Sandoval County",10,16,530,"NM"
"330","41","051","37","129","NC","New Hanover County",10,11,161,"NC"
"331","41","051","39","113","OH","Montgomery County",10,10,273,"OH"
"332","41","051","40","027","OK","Cleveland County",10,14,356,"OK"
"333","41","051","48","085","TX","Collin County",10,13,293,"TX"
"334","41","051","48","141","TX","El Paso County",10,14,479,"TX"
"335","41","051","49","011","UT","Davis County",10,19,443,"UT"
"336","41","051","49","043","UT","Summit County",10,14,396,"UT"
"337","41","051","49","053","UT","Washington County",10,15,191,"UT"
"338","41","051","49","057","UT","Weber County",10,13,161,"UT"
"339","41","051","50","023","VT","Washington County",10,12,376,"VT"
"340","41","051","53","027","WA","Grays Harbor County",10,19,336,"WA"
"341","41","051","55","139","WI","Winnebago County",10,10,173,"WI"
"342","41","067","96","000","OR","Washington Coun Tot Mig-US & For",15823,27129,712923,"oregon"
"343","41","067","97","000","OR","Washington Coun Tot Mig-US",15735,26949,706430,"oregon"
"344","41","067","97","001","OR","Washington Coun Tot Mig-Same St",8370,13620,345270,"oregon"
"345","41","067","97","003","OR","Washington Coun Tot Mig-Diff St",7365,13329,361160,"oregon"
"346","41","067","41","051","OR","Multnomah County",3685,5836,157750,"pdx"
"347","41","067","41","005","OR","Clackamas County",1677,2792,76591,"pdx"
"348","41","067","41","047","OR","Marion County",505,943,24248,"oregon"
"349","41","067","53","011","WA","Clark County",501,933,21584,"pdx"
"350","41","067","41","071","OR","Yamhill County",457,805,17155,"oregon"
"351","41","067","41","039","OR","Lane County",423,669,13892,"oregon"
"352","41","067","04","013","AZ","Maricopa County",311,598,15933,"AZ"
"353","41","067","53","033","WA","King County",303,497,15580,"puget_sound"
"354","41","067","06","037","CA","Los Angeles County",294,524,13008,"LA"
"355","41","067","41","017","OR","Deschutes County",224,353,10068,"oregon"
"356","41","067","41","009","OR","Columbia County",212,350,8858,"oregon"
"357","41","067","41","003","OR","Benton County",209,271,6036,"oregon"
"358","41","067","06","073","CA","San Diego County",183,354,8839,"CA"
"359","41","067","41","029","OR","Jackson County",178,282,5273,"oregon"
"360","41","067","06","085","CA","Santa Clara County",139,266,15095,"bay_area"
"361","41","067","32","003","NV","Clark County",122,244,4748,"NV"
"362","41","067","06","059","CA","Orange County",120,240,5567,"LA"
"363","41","067","06","067","CA","Sacramento County",105,187,6160,"CA"
"364","41","067","53","053","WA","Pierce County",104,180,3668,"puget_sound"
"365","41","067","41","053","OR","Polk County",98,167,3089,"oregon"
"366","41","067","53","063","WA","Spokane County",98,159,3709,"WA"
"367","41","067","53","061","WA","Snohomish County",97,180,4481,"puget_sound"
"368","41","067","41","007","OR","Clatsop County",94,158,3141,"oregon"
"369","41","067","06","001","CA","Alameda County",90,170,6136,"bay_area"
"370","41","067","15","003","HI","Honolulu County",87,176,2569,"HI"
"371","41","067","41","043","OR","Linn County",86,141,2868,"oregon"
"372","41","067","16","001","ID","Ada County",76,144,3026,"ID"
"373","41","067","17","031","IL","Cook County",71,114,3192,"IL"
"374","41","067","49","035","UT","Salt Lake County",69,138,3484,"UT"
"375","41","067","06","065","CA","Riverside County",67,158,3325,"LA"
"376","41","067","04","019","AZ","Pima County",66,101,2652,"AZ"
"377","41","067","41","019","OR","Douglas County",62,108,1779,"oregon"
"378","41","067","06","081","CA","San Mateo County",59,128,4323,"bay_area"
"379","41","067","06","071","CA","San Bernardino County",57,114,1876,"LA"
"380","41","067","41","041","OR","Lincoln County",54,81,1887,"oregon"
"381","41","067","41","057","OR","Tillamook County",52,86,2144,"oregon"
"382","41","067","32","031","NV","Washoe County",49,79,2388,"NV"
"383","41","067","41","035","OR","Klamath County",49,84,1576,"oregon"
"384","41","067","53","015","WA","Cowlitz County",49,85,1721,"WA"
"385","41","067","06","013","CA","Contra Costa County",45,87,2532,"bay_area"
"386","41","067","06","111","CA","Ventura County",45,73,1763,"LA"
"387","41","067","41","033","OR","Josephine County",45,72,1213,"oregon"
"388","41","067","41","059","OR","Umatilla County",45,79,1343,"oregon"
"389","41","067","02","020","AK","Anchorage Municipality",44,63,2419,"AK"
"390","41","067","53","067","WA","Thurston County",44,81,1935,"puget_sound"
"391","41","067","49","049","UT","Utah County",42,113,2244,"UT"
"392","41","067","48","113","TX","Dallas County",41,71,2700,"TX"
"393","41","067","48","201","TX","Harris County",39,83,3265,"TX"
"394","41","067","27","053","MN","Hennepin County",38,66,2486,"MN"
"395","41","067","48","453","TX","Travis County",38,57,2086,"TX"
"396","41","067","41","011","OR","Coos County",37,57,1076,"oregon"
"397","41","067","06","019","CA","Fresno County",35,74,1887,"CA"
"398","41","067","08","041","CO","El Paso County",34,75,1559,"CO"
"399","41","067","35","001","NM","Bernalillo County",34,80,2324,"NM"
"400","41","067","15","001","HI","Hawaii County",33,60,946,"HI"
"401","41","067","53","077","WA","Yakima County",33,60,1026,"WA"
"402","41","067","06","097","CA","Sonoma County",31,51,1259,"bay_area"
"403","41","067","06","075","CA","San Francisco County",30,48,1677,"bay_area"
"404","41","067","06","079","CA","San Luis Obispo County",30,47,1062,"CA"
"405","41","067","13","121","GA","Fulton County",30,51,1425,"GA"
"406","41","067","53","005","WA","Benton County",30,39,1162,"WA"
"407","41","067","41","061","OR","Union County",29,40,787,"oregon"
"408","41","067","41","065","OR","Wasco County",29,58,835,"oregon"
"409","41","067","48","085","TX","Collin County",29,56,1943,"TX"
"410","41","067","25","017","MA","Middlesex County",28,47,1632,"MA"
"411","41","067","39","049","OH","Franklin County",28,60,1877,"OH"
"412","41","067","06","089","CA","Shasta County",27,40,744,"CA"
"413","41","067","12","095","FL","Orange County",27,42,859,"FL"
"414","41","067","30","063","MT","Missoula County",27,34,609,"MT"
"415","41","067","08","031","CO","Denver County",26,34,978,"CO"
"416","41","067","12","001","FL","Alachua County",25,39,1033,"FL"
"417","41","067","20","091","KS","Johnson County",25,46,1504,"KS"
"418","41","067","41","027","OR","Hood River County",25,38,689,"oregon"
"419","41","067","42","003","PA","Allegheny County",25,32,1084,"PA"
"420","41","067","53","035","WA","Kitsap County",25,38,745,"puget_sound"
"421","41","067","53","073","WA","Whatcom County",25,50,1041,"WA"
"422","41","067","06","023","CA","Humboldt County",24,34,889,"CA"
"423","41","067","36","061","NY","New York County",24,27,3209,"NY"
"424","41","067","06","083","CA","Santa Barbara County",23,39,1060,"CA"
"425","41","067","16","055","ID","Kootenai County",23,45,944,"ID"
"426","41","067","31","055","NE","Douglas County",23,34,945,"NE"
"427","41","067","37","183","NC","Wake County",23,37,1538,"NC"
"428","41","067","48","029","TX","Bexar County",23,35,830,"TX"
"429","41","067","06","061","CA","Placer County",22,41,1856,"CA"
"430","41","067","08","005","CO","Arapahoe County",22,47,1432,"CO"
"431","41","067","16","027","ID","Canyon County",21,44,677,"ID"
"432","41","067","26","125","MI","Oakland County",21,38,1469,"MI"
"433","41","067","48","439","TX","Tarrant County",21,43,1067,"TX"
"434","41","067","53","041","WA","Lewis County",21,64,495,"WA"
"435","41","067","04","021","AZ","Pinal County",19,55,968,"AZ"
"436","41","067","06","029","CA","Kern County",19,47,720,"CA"
"437","41","067","06","113","CA","Yolo County",19,38,1261,"CA"
"438","41","067","08","013","CO","Boulder County",19,30,2597,"CO"
"439","41","067","30","111","MT","Yellowstone County",19,35,538,"MT"
"440","41","067","55","025","WI","Dane County",19,26,1145,"WI"
"441","41","067","12","011","FL","Broward County",18,31,1184,"FL"
"442","41","067","26","163","MI","Wayne County",18,35,711,"MI"
"443","41","067","39","061","OH","Hamilton County",18,29,771,"OH"
"444","41","067","48","491","TX","Williamson County",18,37,1150,"TX"
"445","41","067","06","007","CA","Butte County",17,23,505,"CA"
"446","41","067","06","053","CA","Monterey County",17,24,436,"CA"
"447","41","067","17","019","IL","Champaign County",17,25,799,"IL"
"448","41","067","29","189","MO","St Louis County",17,26,937,"MO"
"449","41","067","30","029","MT","Flathead County",17,39,773,"MT"
"450","41","067","30","031","MT","Gallatin County",17,22,401,"MT"
"451","41","067","51","059","VA","Fairfax County",17,43,1517,"VA"
"452","41","067","53","009","WA","Clallam County",17,23,465,"WA"
"453","41","067","53","075","WA","Whitman County",17,29,524,"WA"
"454","41","067","08","035","CO","Douglas County",16,34,933,"CO"
"455","41","067","12","057","FL","Hillsborough County",16,28,604,"FL"
"456","41","067","41","031","OR","Jefferson County",16,28,546,"oregon"
"457","41","067","49","057","UT","Weber County",16,27,832,"UT"
"458","41","067","18","097","IN","Marion County",15,23,468,"IN"
"459","41","067","18","157","IN","Tippecanoe County",15,23,601,"IN"
"460","41","067","25","025","MA","Suffolk County",15,21,562,"MA"
"461","41","067","25","027","MA","Worcester County",15,28,1130,"MA"
"462","41","067","26","161","MI","Washtenaw County",15,23,829,"MI"
"463","41","067","34","023","NJ","Middlesex County",15,29,830,"NJ"
"464","41","067","35","043","NM","Sandoval County",15,40,1371,"NM"
"465","41","067","36","081","NY","Queens County",15,22,616,"NY"
"466","41","067","41","001","OR","Baker County",15,21,545,"oregon"
"467","41","067","53","071","WA","Walla Walla County",15,33,806,"WA"
"468","41","067","06","041","CA","Marin County",14,21,1052,"bay_area"
"469","41","067","06","095","CA","Solano County",14,36,784,"bay_area"
"470","41","067","08","059","CO","Jefferson County",14,24,764,"CO"
"471","41","067","08","069","CO","Larimer County",14,23,601,"CO"
"472","41","067","29","095","MO","Jackson County",14,29,593,"MO"
"473","41","067","36","047","NY","Kings County",14,18,846,"NY"
"474","41","067","47","157","TN","Shelby County",14,29,1090,"TN"
"475","41","067","51","810","VA","Virginia Beach city",14,18,421,"VA"
"476","41","067","04","025","AZ","Yavapai County",13,19,587,"AZ"
"477","41","067","06","077","CA","San Joaquin County",13,26,572,"CA"
"478","41","067","06","087","CA","Santa Cruz County",13,32,822,"bay_area"
"479","41","067","12","031","FL","Duval County",13,22,487,"FL"
"480","41","067","12","086","FL","Miami Dade County",13,18,864,"FL"
"481","41","067","17","043","IL","Dupage County",13,24,610,"IL"
"482","41","067","26","099","MI","Macomb County",13,25,666,"MI"
"483","41","067","41","045","OR","Malheur County",13,19,308,"oregon"
"484","41","067","49","005","UT","Cache County",13,27,490,"UT"
"485","41","067","06","093","CA","Siskiyou County",12,14,144,"CA"
"486","41","067","06","107","CA","Tulare County",12,23,397,"CA"
"487","41","067","13","135","GA","Gwinnett County",12,23,322,"GA"
"488","41","067","15","009","HI","Maui County",12,20,351,"HI"
"489","41","067","16","005","ID","Bannock County",12,15,230,"ID"
"490","41","067","19","113","IA","Linn County",12,25,787,"IA"
"491","41","067","20","173","KS","Sedgwick County",12,21,323,"KS"
"492","41","067","36","005","NY","Bronx County",12,24,550,"NY"
"493","41","067","36","103","NY","Suffolk County",12,17,455,"NY"
"494","41","067","42","027","PA","Centre County",12,20,707,"PA"
"495","41","067","48","041","TX","Brazos County",12,20,377,"TX"
"496","41","067","53","029","WA","Island County",12,18,494,"puget_sound"
"497","41","067","53","057","WA","Skagit County",12,15,579,"puget_sound"
"498","41","067","16","017","ID","Bonner County",11,22,478,"ID"
"499","41","067","16","057","ID","Latah County",11,14,156,"ID"
"500","41","067","21","111","KY","Jefferson County",11,25,307,"KY"
"501","41","067","30","049","MT","Lewis and Clark County",11,20,178,"MT"
"502","41","067","34","017","NJ","Hudson County",11,20,733,"NJ"
"503","41","067","39","035","OH","Cuyahoga County",11,27,698,"OH"
"504","41","067","41","013","OR","Crook County",11,24,477,"oregon"
"505","41","067","47","093","TN","Knox County",11,20,326,"TN"
"506","41","067","48","141","TX","El Paso County",11,22,324,"TX"
"507","41","067","53","007","WA","Chelan County",11,11,158,"WA"
"508","41","067","53","037","WA","Kittitas County",11,12,206,"WA"
"509","41","067","55","079","WI","Milwaukee County",11,19,384,"WI"
"510","41","067","06","017","CA","El Dorado County",10,15,450,"CA"
"511","41","067","06","045","CA","Mendocino County",10,17,267,"CA"
"512","41","067","06","099","CA","Stanislaus County",10,21,655,"CA"
"513","41","067","08","001","CO","Adams County",10,16,391,"CO"
"514","41","067","12","099","FL","Palm Beach County",10,15,683,"FL"
"515","41","067","24","003","MD","Anne Arundel County",10,22,520,"MD"
"516","41","067","26","081","MI","Kent County",10,26,378,"MI"
"517","41","067","42","091","PA","Montgomery County",10,21,766,"PA"
"518","41","067","47","037","TN","Davidson County",10,22,328,"TN"
"519","41","067","48","121","TX","Denton County",10,16,627,"TX"
"520","41","067","48","157","TX","Fort Bend County",10,23,514,"TX"
"521","41","067","51","121","VA","Montgomery County",10,14,341,"VA"
"522","41","067","51","510","VA","Alexandria city",10,15,617,"VA"
"523","41","067","53","049","WA","Pacific County",10,17,124,"WA"
