"","origin","destinations","year","n"
"1","AK","pdx",2008,276
"2","AK","pdx",2009,207
"3","AK","pdx",2010,197
"4","AK","pdx",2011,342
"5","AK","pdx",2012,439
"6","AK","pdx",2013,300
"7","AK","pdx",2014,242
"8","AK","pdx",2015,216
"9","AZ","pdx",2008,1115
"10","AZ","pdx",2009,861
"11","AZ","pdx",2010,1032
"12","AZ","pdx",2011,1353
"13","AZ","pdx",2012,1655
"14","AZ","pdx",2013,1430
"15","AZ","pdx",2014,957
"16","AZ","pdx",2015,1261
"17","bay_area","AK",2008,117
"18","bay_area","AK",2009,105
"19","bay_area","AK",2010,148
"20","bay_area","AK",2011,103
"21","bay_area","AK",2012,155
"22","bay_area","AK",2013,37
"23","bay_area","AK",2014,46
"24","bay_area","AK",2015,22
"25","bay_area","AZ",2008,2169
"26","bay_area","AZ",2009,2067
"27","bay_area","AZ",2010,1858
"28","bay_area","AZ",2011,2234
"29","bay_area","AZ",2012,2502
"30","bay_area","AZ",2013,2106
"31","bay_area","AZ",2014,1629
"32","bay_area","AZ",2015,2563
"33","bay_area","bay_area",2008,81647
"34","bay_area","bay_area",2009,85540
"35","bay_area","bay_area",2010,81951
"36","bay_area","bay_area",2011,92605
"37","bay_area","bay_area",2012,94990
"38","bay_area","bay_area",2013,89291
"39","bay_area","bay_area",2014,72204
"40","bay_area","bay_area",2015,96026
"41","bay_area","CA",2008,28859
"42","bay_area","CA",2009,28338
"43","bay_area","CA",2010,27117
"44","bay_area","CA",2011,30592
"45","bay_area","CA",2012,32006
"46","bay_area","CA",2013,31248
"47","bay_area","CA",2014,24986
"48","bay_area","CA",2015,37785
"49","bay_area","CO",2008,1428
"50","bay_area","CO",2009,1362
"51","bay_area","CO",2010,1391
"52","bay_area","CO",2011,1462
"53","bay_area","CO",2012,1599
"54","bay_area","CO",2013,1299
"55","bay_area","CO",2014,873
"56","bay_area","CO",2015,1970
"57","bay_area","CT",2008,311
"58","bay_area","CT",2009,366
"59","bay_area","CT",2010,333
"60","bay_area","CT",2011,385
"61","bay_area","CT",2012,360
"62","bay_area","CT",2013,227
"63","bay_area","CT",2014,115
"64","bay_area","CT",2015,247
"65","bay_area","DC",2008,555
"66","bay_area","DC",2009,662
"67","bay_area","DC",2010,585
"68","bay_area","DC",2011,543
"69","bay_area","DC",2012,567
"70","bay_area","DC",2013,464
"71","bay_area","DC",2014,363
"72","bay_area","DC",2015,576
"73","bay_area","FL",2008,951
"74","bay_area","FL",2009,1148
"75","bay_area","FL",2010,1800
"76","bay_area","FL",2011,1962
"77","bay_area","FL",2012,1879
"78","bay_area","FL",2013,1276
"79","bay_area","FL",2014,804
"80","bay_area","FL",2015,1285
"81","bay_area","GA",2008,643
"82","bay_area","GA",2009,516
"83","bay_area","GA",2010,569
"84","bay_area","GA",2011,860
"85","bay_area","GA",2012,741
"86","bay_area","GA",2013,565
"87","bay_area","GA",2014,359
"88","bay_area","GA",2015,732
"89","bay_area","HI",2008,1053
"90","bay_area","HI",2009,1059
"91","bay_area","HI",2010,1070
"92","bay_area","HI",2011,1101
"93","bay_area","HI",2012,1277
"94","bay_area","HI",2013,1064
"95","bay_area","HI",2014,794
"96","bay_area","HI",2015,1024
"97","bay_area","ID",2008,262
"98","bay_area","ID",2009,269
"99","bay_area","ID",2010,276
"100","bay_area","ID",2011,364
"101","bay_area","ID",2012,353
"102","bay_area","ID",2013,355
"103","bay_area","ID",2014,150
"104","bay_area","ID",2015,622
"105","bay_area","IL",2008,1415
"106","bay_area","IL",2009,1331
"107","bay_area","IL",2010,1304
"108","bay_area","IL",2011,1567
"109","bay_area","IL",2012,1618
"110","bay_area","IL",2013,1302
"111","bay_area","IL",2014,968
"112","bay_area","IL",2015,1526
"113","bay_area","IN",2008,122
"114","bay_area","IN",2009,144
"115","bay_area","IN",2010,61
"116","bay_area","IN",2011,139
"117","bay_area","IN",2012,113
"118","bay_area","IN",2013,71
"119","bay_area","IN",2014,50
"120","bay_area","IN",2015,44
"121","bay_area","KS",2008,118
"122","bay_area","KS",2009,79
"123","bay_area","KS",2010,74
"124","bay_area","KS",2011,112
"125","bay_area","KS",2012,144
"126","bay_area","KS",2013,29
"127","bay_area","KS",2015,53
"128","bay_area","KY",2008,40
"129","bay_area","KY",2009,48
"130","bay_area","KY",2010,102
"131","bay_area","KY",2011,51
"132","bay_area","KY",2012,83
"133","bay_area","KY",2015,49
"134","bay_area","LA",2008,11461
"135","bay_area","LA",2009,11585
"136","bay_area","LA",2010,11988
"137","bay_area","LA",2011,13193
"138","bay_area","LA",2012,13706
"139","bay_area","LA",2013,12874
"140","bay_area","LA",2014,10538
"141","bay_area","LA",2015,14418
"142","bay_area","MA",2008,1440
"143","bay_area","MA",2009,1414
"144","bay_area","MA",2010,1409
"145","bay_area","MA",2011,1450
"146","bay_area","MA",2012,1604
"147","bay_area","MA",2013,1159
"148","bay_area","MA",2014,796
"149","bay_area","MA",2015,1381
"150","bay_area","MD",2008,521
"151","bay_area","MD",2009,607
"152","bay_area","MD",2010,626
"153","bay_area","MD",2011,636
"154","bay_area","MD",2012,599
"155","bay_area","MD",2013,375
"156","bay_area","MD",2014,245
"157","bay_area","MD",2015,423
"158","bay_area","ME",2008,36
"159","bay_area","ME",2009,51
"160","bay_area","ME",2010,51
"161","bay_area","ME",2011,41
"162","bay_area","ME",2012,60
"163","bay_area","ME",2015,42
"164","bay_area","MI",2008,307
"165","bay_area","MI",2009,385
"166","bay_area","MI",2010,474
"167","bay_area","MI",2011,534
"168","bay_area","MI",2012,481
"169","bay_area","MI",2013,372
"170","bay_area","MI",2014,196
"171","bay_area","MI",2015,400
"172","bay_area","MN",2008,295
"173","bay_area","MN",2009,321
"174","bay_area","MN",2010,366
"175","bay_area","MN",2011,403
"176","bay_area","MN",2012,371
"177","bay_area","MN",2013,361
"178","bay_area","MN",2014,169
"179","bay_area","MN",2015,378
"180","bay_area","MO",2008,203
"181","bay_area","MO",2009,189
"182","bay_area","MO",2010,157
"183","bay_area","MO",2011,251
"184","bay_area","MO",2012,289
"185","bay_area","MO",2013,142
"186","bay_area","MO",2014,43
"187","bay_area","MO",2015,145
"188","bay_area","NC",2008,600
"189","bay_area","NC",2009,665
"190","bay_area","NC",2010,769
"191","bay_area","NC",2011,671
"192","bay_area","NC",2012,907
"193","bay_area","NC",2013,627
"194","bay_area","NC",2014,279
"195","bay_area","NC",2015,744
"196","bay_area","NE",2008,54
"197","bay_area","NE",2009,69
"198","bay_area","NE",2010,51
"199","bay_area","NE",2011,54
"200","bay_area","NE",2012,70
"201","bay_area","NE",2014,27
"202","bay_area","NE",2015,50
"203","bay_area","NH",2008,41
"204","bay_area","NH",2009,41
"205","bay_area","NH",2010,34
"206","bay_area","NH",2011,22
"207","bay_area","NH",2012,84
"208","bay_area","NH",2015,20
"209","bay_area","NJ",2008,681
"210","bay_area","NJ",2009,822
"211","bay_area","NJ",2010,761
"212","bay_area","NJ",2011,743
"213","bay_area","NJ",2012,834
"214","bay_area","NJ",2013,455
"215","bay_area","NJ",2014,284
"216","bay_area","NJ",2015,383
"217","bay_area","NM",2008,357
"218","bay_area","NM",2009,272
"219","bay_area","NM",2010,308
"220","bay_area","NM",2011,321
"221","bay_area","NM",2012,327
"222","bay_area","NM",2013,222
"223","bay_area","NM",2014,101
"224","bay_area","NM",2015,184
"225","bay_area","NV",2008,2357
"226","bay_area","NV",2009,2135
"227","bay_area","NV",2010,2194
"228","bay_area","NV",2011,2839
"229","bay_area","NV",2012,3208
"230","bay_area","NV",2013,3023
"231","bay_area","NV",2014,2485
"232","bay_area","NV",2015,3517
"233","bay_area","NY",2008,3239
"234","bay_area","NY",2009,3312
"235","bay_area","NY",2010,3640
"236","bay_area","NY",2011,3594
"237","bay_area","NY",2012,3735
"238","bay_area","NY",2013,3196
"239","bay_area","NY",2014,2788
"240","bay_area","NY",2015,3924
"241","bay_area","OH",2008,337
"242","bay_area","OH",2009,367
"243","bay_area","OH",2010,323
"244","bay_area","OH",2011,414
"245","bay_area","OH",2012,402
"246","bay_area","OH",2013,227
"247","bay_area","OH",2014,132
"248","bay_area","OH",2015,346
"249","bay_area","OK",2008,140
"250","bay_area","OK",2009,116
"251","bay_area","OK",2010,136
"252","bay_area","OK",2011,146
"253","bay_area","OK",2012,125
"254","bay_area","OK",2013,23
"255","bay_area","OK",2014,20
"256","bay_area","OK",2015,49
"257","bay_area","OR",2008,1154
"258","bay_area","OR",2009,1034
"259","bay_area","OR",2010,996
"260","bay_area","OR",2011,1178
"261","bay_area","OR",2012,1340
"262","bay_area","OR",2013,1094
"263","bay_area","OR",2014,756
"264","bay_area","OR",2015,1973
"265","bay_area","PA",2008,502
"266","bay_area","PA",2009,663
"267","bay_area","PA",2010,645
"268","bay_area","PA",2011,639
"269","bay_area","PA",2012,702
"270","bay_area","PA",2013,420
"271","bay_area","PA",2014,334
"272","bay_area","PA",2015,616
"273","bay_area","pdx",2008,1841
"274","bay_area","pdx",2009,1428
"275","bay_area","pdx",2010,1553
"276","bay_area","pdx",2011,1920
"277","bay_area","pdx",2012,2197
"278","bay_area","pdx",2013,2193
"279","bay_area","pdx",2014,1788
"280","bay_area","pdx",2015,3204
"281","bay_area","puget_sound_area",2008,2643
"282","bay_area","puget_sound_area",2009,2442
"283","bay_area","puget_sound_area",2010,2598
"284","bay_area","puget_sound_area",2011,2773
"285","bay_area","puget_sound_area",2012,3292
"286","bay_area","puget_sound_area",2013,3153
"287","bay_area","puget_sound_area",2014,2513
"288","bay_area","puget_sound_area",2015,4404
"289","bay_area","RI",2008,69
"290","bay_area","RI",2009,70
"291","bay_area","RI",2010,60
"292","bay_area","RI",2011,51
"293","bay_area","RI",2012,55
"294","bay_area","RI",2013,23
"295","bay_area","RI",2015,26
"296","bay_area","SC",2008,76
"297","bay_area","SC",2009,37
"298","bay_area","SC",2011,29
"299","bay_area","SC",2012,47
"300","bay_area","SC",2013,44
"301","bay_area","SC",2015,21
"302","bay_area","TN",2008,246
"303","bay_area","TN",2009,176
"304","bay_area","TN",2010,185
"305","bay_area","TN",2011,221
"306","bay_area","TN",2012,265
"307","bay_area","TN",2013,172
"308","bay_area","TN",2014,115
"309","bay_area","TN",2015,230
"310","bay_area","TX",2008,3755
"311","bay_area","TX",2009,3358
"312","bay_area","TX",2010,3531
"313","bay_area","TX",2011,4248
"314","bay_area","TX",2012,4791
"315","bay_area","TX",2013,4802
"316","bay_area","TX",2014,3391
"317","bay_area","TX",2015,4874
"318","bay_area","UT",2008,677
"319","bay_area","UT",2009,539
"320","bay_area","UT",2010,472
"321","bay_area","UT",2011,508
"322","bay_area","UT",2012,662
"323","bay_area","UT",2013,466
"324","bay_area","UT",2014,377
"325","bay_area","UT",2015,724
"326","bay_area","VA",2008,667
"327","bay_area","VA",2009,722
"328","bay_area","VA",2010,781
"329","bay_area","VA",2011,777
"330","bay_area","VA",2012,737
"331","bay_area","VA",2013,451
"332","bay_area","VA",2014,281
"333","bay_area","VA",2015,436
"334","bay_area","VT",2008,26
"335","bay_area","VT",2009,30
"336","bay_area","VT",2010,22
"337","bay_area","VT",2011,26
"338","bay_area","VT",2012,20
"339","bay_area","VT",2015,25
"340","bay_area","WA",2008,344
"341","bay_area","WA",2009,326
"342","bay_area","WA",2010,192
"343","bay_area","WA",2011,241
"344","bay_area","WA",2012,292
"345","bay_area","WA",2013,137
"346","bay_area","WA",2014,49
"347","bay_area","WA",2015,271
"348","bay_area","WI",2008,206
"349","bay_area","WI",2009,186
"350","bay_area","WI",2010,178
"351","bay_area","WI",2011,178
"352","bay_area","WI",2012,206
"353","bay_area","WI",2013,166
"354","bay_area","WI",2014,52
"355","bay_area","WI",2015,176
"356","CA","pdx",2008,1740
"357","CA","pdx",2009,1400
"358","CA","pdx",2010,1615
"359","CA","pdx",2011,2056
"360","CA","pdx",2012,2255
"361","CA","pdx",2013,1947
"362","CA","pdx",2014,1469
"363","CA","pdx",2015,2195
"364","CO","pdx",2008,593
"365","CO","pdx",2009,352
"366","CO","pdx",2010,506
"367","CO","pdx",2011,747
"368","CO","pdx",2012,808
"369","CO","pdx",2013,599
"370","CO","pdx",2014,330
"371","CO","pdx",2015,744
"372","CT","pdx",2008,71
"373","CT","pdx",2009,65
"374","CT","pdx",2010,51
"375","CT","pdx",2011,71
"376","CT","pdx",2012,87
"377","CT","pdx",2013,46
"378","CT","pdx",2014,47
"379","CT","pdx",2015,73
"380","DC","pdx",2008,94
"381","DC","pdx",2009,58
"382","DC","pdx",2010,74
"383","DC","pdx",2011,105
"384","DC","pdx",2012,131
"385","DC","pdx",2013,112
"386","DC","pdx",2014,77
"387","DC","pdx",2015,129
"388","FL","pdx",2008,443
"389","FL","pdx",2009,292
"390","FL","pdx",2010,389
"391","FL","pdx",2011,771
"392","FL","pdx",2012,721
"393","FL","pdx",2013,326
"394","FL","pdx",2014,227
"395","FL","pdx",2015,504
"396","GA","pdx",2008,151
"397","GA","pdx",2009,124
"398","GA","pdx",2010,168
"399","GA","pdx",2011,253
"400","GA","pdx",2012,205
"401","GA","pdx",2013,149
"402","GA","pdx",2014,72
"403","GA","pdx",2015,177
"404","HI","pdx",2008,433
"405","HI","pdx",2009,337
"406","HI","pdx",2010,380
"407","HI","pdx",2011,521
"408","HI","pdx",2012,585
"409","HI","pdx",2013,509
"410","HI","pdx",2014,421
"411","HI","pdx",2015,540
"412","ID","pdx",2008,463
"413","ID","pdx",2009,346
"414","ID","pdx",2010,435
"415","ID","pdx",2011,524
"416","ID","pdx",2012,565
"417","ID","pdx",2013,478
"418","ID","pdx",2014,278
"419","ID","pdx",2015,390
"420","IL","pdx",2008,446
"421","IL","pdx",2009,333
"422","IL","pdx",2010,438
"423","IL","pdx",2011,511
"424","IL","pdx",2012,536
"425","IL","pdx",2013,556
"426","IL","pdx",2014,346
"427","IL","pdx",2015,666
"428","IN","pdx",2008,115
"429","IN","pdx",2009,69
"430","IN","pdx",2010,90
"431","IN","pdx",2011,111
"432","IN","pdx",2012,107
"433","IN","pdx",2013,63
"434","IN","pdx",2014,26
"435","IN","pdx",2015,65
"436","LA","pdx",2008,2102
"437","LA","pdx",2009,1723
"438","LA","pdx",2010,1761
"439","LA","pdx",2011,2368
"440","LA","pdx",2012,2610
"441","LA","pdx",2013,2752
"442","LA","pdx",2014,2327
"443","LA","pdx",2015,3085
"444","MA","pdx",2008,294
"445","MA","pdx",2009,251
"446","MA","pdx",2010,240
"447","MA","pdx",2011,285
"448","MA","pdx",2012,334
"449","MA","pdx",2013,313
"450","MA","pdx",2014,210
"451","MA","pdx",2015,405
"452","MD","pdx",2008,161
"453","MD","pdx",2009,97
"454","MD","pdx",2010,101
"455","MD","pdx",2011,153
"456","MD","pdx",2012,141
"457","MD","pdx",2013,111
"458","MD","pdx",2014,31
"459","MD","pdx",2015,122
"460","MI","pdx",2008,285
"461","MI","pdx",2009,203
"462","MI","pdx",2010,227
"463","MI","pdx",2011,168
"464","MI","pdx",2012,245
"465","MI","pdx",2013,167
"466","MI","pdx",2014,49
"467","MI","pdx",2015,191
"468","MN","pdx",2008,229
"469","MN","pdx",2009,229
"470","MN","pdx",2010,207
"471","MN","pdx",2011,244
"472","MN","pdx",2012,272
"473","MN","pdx",2013,164
"474","MN","pdx",2014,131
"475","MN","pdx",2015,247
"476","MO","pdx",2008,143
"477","MO","pdx",2009,106
"478","MO","pdx",2010,144
"479","MO","pdx",2011,180
"480","MO","pdx",2012,161
"481","MO","pdx",2013,117
"482","MO","pdx",2014,56
"483","MO","pdx",2015,119
"484","MT","pdx",2008,285
"485","MT","pdx",2009,202
"486","MT","pdx",2010,267
"487","MT","pdx",2011,300
"488","MT","pdx",2012,322
"489","MT","pdx",2013,97
"490","MT","pdx",2014,34
"491","MT","pdx",2015,176
"492","NC","pdx",2008,170
"493","NC","pdx",2009,105
"494","NC","pdx",2010,140
"495","NC","pdx",2011,175
"496","NC","pdx",2012,186
"497","NC","pdx",2013,119
"498","NC","pdx",2014,44
"499","NC","pdx",2015,204
"500","NE","pdx",2008,57
"501","NE","pdx",2009,38
"502","NE","pdx",2010,68
"503","NE","pdx",2011,35
"504","NE","pdx",2012,95
"505","NE","pdx",2013,31
"506","NE","pdx",2014,25
"507","NE","pdx",2015,66
"508","NM","pdx",2008,175
"509","NM","pdx",2009,137
"510","NM","pdx",2010,138
"511","NM","pdx",2011,212
"512","NM","pdx",2012,302
"513","NM","pdx",2013,270
"514","NM","pdx",2014,143
"515","NM","pdx",2015,228
"516","NV","pdx",2008,565
"517","NV","pdx",2009,473
"518","NV","pdx",2010,525
"519","NV","pdx",2011,741
"520","NV","pdx",2012,746
"521","NV","pdx",2013,710
"522","NV","pdx",2014,501
"523","NV","pdx",2015,634
"524","NY","pdx",2008,594
"525","NY","pdx",2009,543
"526","NY","pdx",2010,555
"527","NY","pdx",2011,592
"528","NY","pdx",2012,733
"529","NY","pdx",2013,590
"530","NY","pdx",2014,443
"531","NY","pdx",2015,843
"532","OH","pdx",2008,222
"533","OH","pdx",2009,169
"534","OH","pdx",2010,214
"535","OH","pdx",2011,198
"536","OH","pdx",2012,178
"537","OH","pdx",2013,140
"538","OH","pdx",2014,124
"539","OH","pdx",2015,184
"540","OK","pdx",2008,76
"541","OK","pdx",2009,49
"542","OK","pdx",2010,51
"543","OK","pdx",2011,93
"544","OK","pdx",2012,93
"545","OK","pdx",2013,22
"546","OK","pdx",2014,20
"547","OK","pdx",2015,60
"548","oregon","pdx",2008,169500
"549","oregon","pdx",2009,156042
"550","oregon","pdx",2010,162060
"551","oregon","pdx",2011,9174
"552","oregon","pdx",2012,9562
"553","oregon","pdx",2013,8401
"554","oregon","pdx",2014,6679
"555","oregon","pdx",2015,7814
"556","PA","pdx",2008,220
"557","PA","pdx",2009,181
"558","PA","pdx",2010,199
"559","PA","pdx",2011,207
"560","PA","pdx",2012,213
"561","PA","pdx",2013,112
"562","PA","pdx",2014,67
"563","PA","pdx",2015,209
"564","pdx","bay_area",2008,1328
"565","pdx","bay_area",2009,1185
"566","pdx","bay_area",2010,1355
"567","pdx","bay_area",2011,1758
"568","pdx","bay_area",2012,1809
"569","pdx","bay_area",2013,1289
"570","pdx","bay_area",2014,848
"571","pdx","bay_area",2015,1266
"572","pdx","pdx",2008,50218
"573","pdx","pdx",2009,49568
"574","pdx","pdx",2010,49451
"575","pdx","pdx",2011,56657
"576","pdx","pdx",2012,59286
"577","pdx","pdx",2013,52803
"578","pdx","pdx",2014,38925
"579","pdx","pdx",2015,59177
"580","pdx","puget_sound_area",2008,6259
"581","pdx","puget_sound_area",2009,5704
"582","pdx","puget_sound_area",2010,6169
"583","pdx","puget_sound_area",2011,6749
"584","pdx","puget_sound_area",2012,7178
"585","pdx","puget_sound_area",2013,6509
"586","pdx","puget_sound_area",2014,5066
"587","pdx","puget_sound_area",2015,6994
"588","puget_sound_area","AK",2008,688
"589","puget_sound_area","AK",2009,798
"590","puget_sound_area","AK",2010,694
"591","puget_sound_area","AK",2011,745
"592","puget_sound_area","AK",2012,825
"593","puget_sound_area","AK",2013,544
"594","puget_sound_area","AK",2014,380
"595","puget_sound_area","AK",2015,536
"596","puget_sound_area","AL",2008,141
"597","puget_sound_area","AL",2009,172
"598","puget_sound_area","AL",2010,112
"599","puget_sound_area","AL",2011,182
"600","puget_sound_area","AL",2012,155
"601","puget_sound_area","AL",2013,109
"602","puget_sound_area","AL",2015,48
"603","puget_sound_area","AR",2008,78
"604","puget_sound_area","AR",2009,52
"605","puget_sound_area","AR",2010,56
"606","puget_sound_area","AR",2011,71
"607","puget_sound_area","AR",2012,67
"608","puget_sound_area","AR",2015,28
"609","puget_sound_area","AZ",2008,2618
"610","puget_sound_area","AZ",2009,2411
"611","puget_sound_area","AZ",2010,2590
"612","puget_sound_area","AZ",2011,3327
"613","puget_sound_area","AZ",2012,3467
"614","puget_sound_area","AZ",2013,2681
"615","puget_sound_area","AZ",2014,1812
"616","puget_sound_area","AZ",2015,2898
"617","puget_sound_area","bay_area",2008,2412
"618","puget_sound_area","bay_area",2009,2369
"619","puget_sound_area","bay_area",2010,2604
"620","puget_sound_area","bay_area",2011,3601
"621","puget_sound_area","bay_area",2012,3594
"622","puget_sound_area","bay_area",2013,3026
"623","puget_sound_area","bay_area",2014,2156
"624","puget_sound_area","bay_area",2015,3175
"625","puget_sound_area","CA",2008,3101
"626","puget_sound_area","CA",2009,3255
"627","puget_sound_area","CA",2010,3032
"628","puget_sound_area","CA",2011,3596
"629","puget_sound_area","CA",2012,3851
"630","puget_sound_area","CA",2013,3060
"631","puget_sound_area","CA",2014,1831
"632","puget_sound_area","CA",2015,2415
"633","puget_sound_area","CO",2008,1280
"634","puget_sound_area","CO",2009,1165
"635","puget_sound_area","CO",2010,1188
"636","puget_sound_area","CO",2011,1383
"637","puget_sound_area","CO",2012,1522
"638","puget_sound_area","CO",2013,1241
"639","puget_sound_area","CO",2014,852
"640","puget_sound_area","CO",2015,1199
"641","puget_sound_area","CT",2008,162
"642","puget_sound_area","CT",2009,199
"643","puget_sound_area","CT",2010,244
"644","puget_sound_area","CT",2011,189
"645","puget_sound_area","CT",2012,230
"646","puget_sound_area","CT",2013,204
"647","puget_sound_area","CT",2014,85
"648","puget_sound_area","CT",2015,166
"649","puget_sound_area","DC",2008,255
"650","puget_sound_area","DC",2009,279
"651","puget_sound_area","DC",2010,284
"652","puget_sound_area","DC",2011,239
"653","puget_sound_area","DC",2012,242
"654","puget_sound_area","DC",2013,156
"655","puget_sound_area","DC",2014,110
"656","puget_sound_area","DC",2015,205
"657","puget_sound_area","DE",2008,24
"658","puget_sound_area","DE",2009,26
"659","puget_sound_area","DE",2010,13
"660","puget_sound_area","DE",2011,36
"661","puget_sound_area","DE",2012,31
"662","puget_sound_area","DE",2013,22
"663","puget_sound_area","DE",2015,21
"664","puget_sound_area","FL",2008,1232
"665","puget_sound_area","FL",2009,1289
"666","puget_sound_area","FL",2010,1760
"667","puget_sound_area","FL",2011,2358
"668","puget_sound_area","FL",2012,2565
"669","puget_sound_area","FL",2013,1573
"670","puget_sound_area","FL",2014,789
"671","puget_sound_area","FL",2015,1228
"672","puget_sound_area","GA",2008,758
"673","puget_sound_area","GA",2009,598
"674","puget_sound_area","GA",2010,777
"675","puget_sound_area","GA",2011,904
"676","puget_sound_area","GA",2012,852
"677","puget_sound_area","GA",2013,715
"678","puget_sound_area","GA",2014,329
"679","puget_sound_area","GA",2015,691
"680","puget_sound_area","HI",2008,1108
"681","puget_sound_area","HI",2009,1107
"682","puget_sound_area","HI",2010,1291
"683","puget_sound_area","HI",2011,1371
"684","puget_sound_area","HI",2012,1356
"685","puget_sound_area","HI",2013,1366
"686","puget_sound_area","HI",2014,879
"687","puget_sound_area","HI",2015,1265
"688","puget_sound_area","IA",2008,164
"689","puget_sound_area","IA",2009,127
"690","puget_sound_area","IA",2010,87
"691","puget_sound_area","IA",2011,93
"692","puget_sound_area","IA",2012,110
"693","puget_sound_area","IA",2013,55
"694","puget_sound_area","IA",2014,20
"695","puget_sound_area","IA",2015,32
"696","puget_sound_area","ID",2008,999
"697","puget_sound_area","ID",2009,820
"698","puget_sound_area","ID",2010,858
"699","puget_sound_area","ID",2011,982
"700","puget_sound_area","ID",2012,1053
"701","puget_sound_area","ID",2013,809
"702","puget_sound_area","ID",2014,408
"703","puget_sound_area","ID",2015,894
"704","puget_sound_area","IL",2008,812
"705","puget_sound_area","IL",2009,792
"706","puget_sound_area","IL",2010,810
"707","puget_sound_area","IL",2011,903
"708","puget_sound_area","IL",2012,885
"709","puget_sound_area","IL",2013,595
"710","puget_sound_area","IL",2014,453
"711","puget_sound_area","IL",2015,717
"712","puget_sound_area","IN",2008,116
"713","puget_sound_area","IN",2009,135
"714","puget_sound_area","IN",2010,136
"715","puget_sound_area","IN",2011,172
"716","puget_sound_area","IN",2012,120
"717","puget_sound_area","IN",2013,42
"718","puget_sound_area","IN",2014,23
"719","puget_sound_area","IN",2015,71
"720","puget_sound_area","KS",2008,223
"721","puget_sound_area","KS",2009,284
"722","puget_sound_area","KS",2010,200
"723","puget_sound_area","KS",2011,246
"724","puget_sound_area","KS",2012,291
"725","puget_sound_area","KS",2013,222
"726","puget_sound_area","KS",2014,101
"727","puget_sound_area","KS",2015,187
"728","puget_sound_area","KY",2008,159
"729","puget_sound_area","KY",2009,147
"730","puget_sound_area","KY",2010,156
"731","puget_sound_area","KY",2011,179
"732","puget_sound_area","KY",2012,171
"733","puget_sound_area","KY",2013,120
"734","puget_sound_area","KY",2014,55
"735","puget_sound_area","KY",2015,118
"736","puget_sound_area","LA",2008,3645
"737","puget_sound_area","LA",2009,3603
"738","puget_sound_area","LA",2010,3688
"739","puget_sound_area","LA",2011,4498
"740","puget_sound_area","LA",2012,4513
"741","puget_sound_area","LA",2013,4118
"742","puget_sound_area","LA",2014,3064
"743","puget_sound_area","LA",2015,3969
"744","puget_sound_area","MA",2008,495
"745","puget_sound_area","MA",2009,536
"746","puget_sound_area","MA",2010,527
"747","puget_sound_area","MA",2011,579
"748","puget_sound_area","MA",2012,609
"749","puget_sound_area","MA",2013,430
"750","puget_sound_area","MA",2014,261
"751","puget_sound_area","MA",2015,487
"752","puget_sound_area","MD",2008,445
"753","puget_sound_area","MD",2009,462
"754","puget_sound_area","MD",2010,463
"755","puget_sound_area","MD",2011,492
"756","puget_sound_area","MD",2012,491
"757","puget_sound_area","MD",2013,298
"758","puget_sound_area","MD",2014,141
"759","puget_sound_area","MD",2015,387
"760","puget_sound_area","ME",2008,31
"761","puget_sound_area","ME",2009,31
"762","puget_sound_area","ME",2010,25
"763","puget_sound_area","ME",2011,34
"764","puget_sound_area","ME",2012,37
"765","puget_sound_area","ME",2013,34
"766","puget_sound_area","ME",2015,33
"767","puget_sound_area","MI",2008,201
"768","puget_sound_area","MI",2009,221
"769","puget_sound_area","MI",2010,284
"770","puget_sound_area","MI",2011,388
"771","puget_sound_area","MI",2012,416
"772","puget_sound_area","MI",2013,215
"773","puget_sound_area","MI",2014,130
"774","puget_sound_area","MI",2015,255
"775","puget_sound_area","MN",2008,316
"776","puget_sound_area","MN",2009,337
"777","puget_sound_area","MN",2010,350
"778","puget_sound_area","MN",2011,386
"779","puget_sound_area","MN",2012,426
"780","puget_sound_area","MN",2013,312
"781","puget_sound_area","MN",2014,177
"782","puget_sound_area","MN",2015,323
"783","puget_sound_area","MO",2008,299
"784","puget_sound_area","MO",2009,286
"785","puget_sound_area","MO",2010,348
"786","puget_sound_area","MO",2011,307
"787","puget_sound_area","MO",2012,367
"788","puget_sound_area","MO",2013,265
"789","puget_sound_area","MO",2014,149
"790","puget_sound_area","MO",2015,254
"791","puget_sound_area","MT",2008,527
"792","puget_sound_area","MT",2009,543
"793","puget_sound_area","MT",2010,462
"794","puget_sound_area","MT",2011,520
"795","puget_sound_area","MT",2012,609
"796","puget_sound_area","MT",2013,368
"797","puget_sound_area","MT",2014,196
"798","puget_sound_area","MT",2015,417
"799","puget_sound_area","NC",2008,704
"800","puget_sound_area","NC",2009,662
"801","puget_sound_area","NC",2010,675
"802","puget_sound_area","NC",2011,793
"803","puget_sound_area","NC",2012,835
"804","puget_sound_area","NC",2013,671
"805","puget_sound_area","NC",2014,319
"806","puget_sound_area","NC",2015,738
"807","puget_sound_area","ND",2008,26
"808","puget_sound_area","ND",2009,11
"809","puget_sound_area","ND",2010,38
"810","puget_sound_area","ND",2011,128
"811","puget_sound_area","ND",2012,125
"812","puget_sound_area","ND",2014,20
"813","puget_sound_area","ND",2015,24
"814","puget_sound_area","NE",2008,88
"815","puget_sound_area","NE",2009,97
"816","puget_sound_area","NE",2010,104
"817","puget_sound_area","NE",2011,92
"818","puget_sound_area","NE",2012,109
"819","puget_sound_area","NE",2013,38
"820","puget_sound_area","NE",2014,37
"821","puget_sound_area","NE",2015,42
"822","puget_sound_area","NJ",2008,219
"823","puget_sound_area","NJ",2009,238
"824","puget_sound_area","NJ",2010,251
"825","puget_sound_area","NJ",2011,318
"826","puget_sound_area","NJ",2012,289
"827","puget_sound_area","NJ",2013,119
"828","puget_sound_area","NJ",2014,80
"829","puget_sound_area","NJ",2015,243
"830","puget_sound_area","NM",2008,283
"831","puget_sound_area","NM",2009,240
"832","puget_sound_area","NM",2010,203
"833","puget_sound_area","NM",2011,280
"834","puget_sound_area","NM",2012,222
"835","puget_sound_area","NM",2013,158
"836","puget_sound_area","NM",2014,82
"837","puget_sound_area","NM",2015,147
"838","puget_sound_area","NV",2008,1020
"839","puget_sound_area","NV",2009,909
"840","puget_sound_area","NV",2010,1001
"841","puget_sound_area","NV",2011,1287
"842","puget_sound_area","NV",2012,1208
"843","puget_sound_area","NV",2013,1034
"844","puget_sound_area","NV",2014,762
"845","puget_sound_area","NV",2015,1082
"846","puget_sound_area","NY",2008,1185
"847","puget_sound_area","NY",2009,1151
"848","puget_sound_area","NY",2010,1261
"849","puget_sound_area","NY",2011,1358
"850","puget_sound_area","NY",2012,1330
"851","puget_sound_area","NY",2013,1101
"852","puget_sound_area","NY",2014,757
"853","puget_sound_area","NY",2015,1106
"854","puget_sound_area","OH",2008,289
"855","puget_sound_area","OH",2009,284
"856","puget_sound_area","OH",2010,223
"857","puget_sound_area","OH",2011,370
"858","puget_sound_area","OH",2012,385
"859","puget_sound_area","OH",2013,207
"860","puget_sound_area","OH",2014,129
"861","puget_sound_area","OH",2015,210
"862","puget_sound_area","OK",2008,341
"863","puget_sound_area","OK",2009,272
"864","puget_sound_area","OK",2010,284
"865","puget_sound_area","OK",2011,249
"866","puget_sound_area","OK",2012,278
"867","puget_sound_area","OK",2013,186
"868","puget_sound_area","OK",2014,126
"869","puget_sound_area","OK",2015,255
"870","puget_sound_area","OR",2008,1677
"871","puget_sound_area","OR",2009,1401
"872","puget_sound_area","OR",2010,1476
"873","puget_sound_area","OR",2011,1836
"874","puget_sound_area","OR",2012,1912
"875","puget_sound_area","OR",2013,1412
"876","puget_sound_area","OR",2014,868
"877","puget_sound_area","OR",2015,1597
"878","puget_sound_area","PA",2008,366
"879","puget_sound_area","PA",2009,361
"880","puget_sound_area","PA",2010,342
"881","puget_sound_area","PA",2011,404
"882","puget_sound_area","PA",2012,400
"883","puget_sound_area","PA",2013,256
"884","puget_sound_area","PA",2014,105
"885","puget_sound_area","PA",2015,255
"886","puget_sound_area","pdx",2008,2602
"887","puget_sound_area","pdx",2009,2434
"888","puget_sound_area","pdx",2010,2697
"889","puget_sound_area","pdx",2011,3290
"890","puget_sound_area","pdx",2012,3185
"891","puget_sound_area","pdx",2013,3052
"892","puget_sound_area","pdx",2014,2223
"893","puget_sound_area","pdx",2015,2969
"894","puget_sound_area","puget_sound_area",2008,43025
"895","puget_sound_area","puget_sound_area",2009,42285
"896","puget_sound_area","puget_sound_area",2010,40024
"897","puget_sound_area","puget_sound_area",2011,44252
"898","puget_sound_area","puget_sound_area",2012,47706
"899","puget_sound_area","puget_sound_area",2013,45370
"900","puget_sound_area","puget_sound_area",2014,36966
"901","puget_sound_area","puget_sound_area",2015,51644
"902","puget_sound_area","RI",2008,61
"903","puget_sound_area","RI",2009,41
"904","puget_sound_area","RI",2010,39
"905","puget_sound_area","RI",2011,45
"906","puget_sound_area","RI",2012,51
"907","puget_sound_area","RI",2013,31
"908","puget_sound_area","RI",2015,28
"909","puget_sound_area","SC",2008,287
"910","puget_sound_area","SC",2009,296
"911","puget_sound_area","SC",2010,464
"912","puget_sound_area","SC",2011,348
"913","puget_sound_area","SC",2012,421
"914","puget_sound_area","SC",2013,287
"915","puget_sound_area","SC",2014,86
"916","puget_sound_area","SC",2015,254
"917","puget_sound_area","TN",2008,248
"918","puget_sound_area","TN",2009,306
"919","puget_sound_area","TN",2010,329
"920","puget_sound_area","TN",2011,389
"921","puget_sound_area","TN",2012,381
"922","puget_sound_area","TN",2013,246
"923","puget_sound_area","TN",2014,110
"924","puget_sound_area","TN",2015,277
"925","puget_sound_area","TX",2008,2874
"926","puget_sound_area","TX",2009,2792
"927","puget_sound_area","TX",2010,2821
"928","puget_sound_area","TX",2011,3315
"929","puget_sound_area","TX",2012,3753
"930","puget_sound_area","TX",2013,3285
"931","puget_sound_area","TX",2014,2058
"932","puget_sound_area","TX",2015,2810
"933","puget_sound_area","UT",2008,766
"934","puget_sound_area","UT",2009,650
"935","puget_sound_area","UT",2010,656
"936","puget_sound_area","UT",2011,758
"937","puget_sound_area","UT",2012,787
"938","puget_sound_area","UT",2013,578
"939","puget_sound_area","UT",2014,402
"940","puget_sound_area","UT",2015,768
"941","puget_sound_area","VA",2008,950
"942","puget_sound_area","VA",2009,847
"943","puget_sound_area","VA",2010,834
"944","puget_sound_area","VA",2011,1052
"945","puget_sound_area","VA",2012,1043
"946","puget_sound_area","VA",2013,613
"947","puget_sound_area","VA",2014,287
"948","puget_sound_area","VA",2015,674
"949","puget_sound_area","WA",2008,10269
"950","puget_sound_area","WA",2009,9397
"951","puget_sound_area","WA",2010,9045
"952","puget_sound_area","WA",2011,9375
"953","puget_sound_area","WA",2012,9700
"954","puget_sound_area","WA",2013,9035
"955","puget_sound_area","WA",2014,7106
"956","puget_sound_area","WA",2015,10591
"957","puget_sound_area","WI",2008,190
"958","puget_sound_area","WI",2009,188
"959","puget_sound_area","WI",2010,172
"960","puget_sound_area","WI",2011,206
"961","puget_sound_area","WI",2012,174
"962","puget_sound_area","WI",2013,132
"963","puget_sound_area","WI",2014,59
"964","puget_sound_area","WI",2015,153
"965","TN","pdx",2008,83
"966","TN","pdx",2009,58
"967","TN","pdx",2010,102
"968","TN","pdx",2011,93
"969","TN","pdx",2012,113
"970","TN","pdx",2013,54
"971","TN","pdx",2014,36
"972","TN","pdx",2015,130
"973","TX","pdx",2008,685
"974","TX","pdx",2009,458
"975","TX","pdx",2010,609
"976","TX","pdx",2011,958
"977","TX","pdx",2012,1153
"978","TX","pdx",2013,768
"979","TX","pdx",2014,755
"980","TX","pdx",2015,1135
"981","UT","pdx",2008,386
"982","UT","pdx",2009,368
"983","UT","pdx",2010,355
"984","UT","pdx",2011,484
"985","UT","pdx",2012,536
"986","UT","pdx",2013,489
"987","UT","pdx",2014,302
"988","UT","pdx",2015,435
"989","VA","pdx",2008,193
"990","VA","pdx",2009,126
"991","VA","pdx",2010,155
"992","VA","pdx",2011,170
"993","VA","pdx",2012,225
"994","VA","pdx",2013,136
"995","VA","pdx",2014,69
"996","VA","pdx",2015,144
"997","VT","pdx",2008,39
"998","VT","pdx",2009,26
"999","VT","pdx",2010,40
"1000","VT","pdx",2011,39
"1001","VT","pdx",2012,26
"1002","VT","pdx",2013,25
"1003","VT","pdx",2014,22
"1004","VT","pdx",2015,40
"1005","WA","pdx",2008,1080
"1006","WA","pdx",2009,899
"1007","WA","pdx",2010,1052
"1008","WA","pdx",2011,2515
"1009","WA","pdx",2012,2600
"1010","WA","pdx",2013,2083
"1011","WA","pdx",2014,1487
"1012","WA","pdx",2015,3704
"1013","WI","pdx",2008,183
"1014","WI","pdx",2009,95
"1015","WI","pdx",2010,181
"1016","WI","pdx",2011,121
"1017","WI","pdx",2012,159
"1018","WI","pdx",2013,133
"1019","WI","pdx",2014,71
"1020","WI","pdx",2015,159
